Index, Heap Del,  LL Del,    STL Del
1,0.000004,0.000001,0.000006
2,0.000003,0.000001,0.000005
3,0.000004,0.000001,0.000006
4,0.000003,0.000001,0.000005
5,0.000003,0.000001,0.000005
6,0.000003,0.000001,0.000005
7,0.000002,0.000001,0.000005
8,0.000004,0.000001,0.000004
9,0.000003,0.000001,0.000005
10,0.000003,0.000001,0.000005
11,0.000003,0.000001,0.000005
12,0.000003,0.000001,0.000004
13,0.000003,0.000001,0.000004
14,0.000003,0.000001,0.000005
15,0.000003,0.000001,0.000005
16,0.000003,0.000001,0.000004
17,0.000003,0.000001,0.000005
18,0.000003,0.000001,0.000004
19,0.000003,0.000001,0.000004
20,0.000003,0.000001,0.000005
21,0.000003,0.000001,0.000005
22,0.000003,0.000001,0.000005
23,0.000003,0.000001,0.000005
24,0.000003,0.000001,0.000005
25,0.000003,0.000001,0.000004
26,0.000003,0.000001,0.000005
27,0.000003,0.000001,0.000004
28,0.000003,0.000001,0.000005
29,0.000002,0.000001,0.000004
30,0.000003,0.000001,0.000004
31,0.000003,0.000001,0.000004
32,0.000003,0.000001,0.000004
33,0.000003,0.000001,0.000004
34,0.000003,0.000001,0.000005
35,0.000003,0.000001,0.000004
36,0.000004,0.000001,0.000004
37,0.000003,0.000001,0.000004
38,0.000003,0.000001,0.000004
39,0.000003,0.000001,0.000004
40,0.000003,0.000001,0.000004
41,0.000003,0.000001,0.000004
42,0.000003,0.000001,0.000004
43,0.000003,0.000001,0.000005
44,0.000002,0.000001,0.000005
45,0.000003,0.000001,0.000005
46,0.000003,0.000001,0.000005
47,0.000002,0.000001,0.000004
48,0.000003,0.000001,0.000004
49,0.000003,0.000001,0.000005
50,0.000003,0.000001,0.000005
51,0.000002,0.000001,0.000004
52,0.000003,0.000001,0.000005
53,0.000003,0.000001,0.000004
54,0.000003,0.000001,0.000005
55,0.000003,0.000001,0.000005
56,0.000003,0.000001,0.000004
57,0.000002,0.000001,0.000004
58,0.000004,0.000001,0.000005
59,0.000003,0.000001,0.000004
60,0.000004,0.000001,0.000004
61,0.000003,0.000002,0.000006
62,0.000003,0.000001,0.000005
63,0.000003,0.000001,0.000004
64,0.000003,0.000001,0.000004
65,0.000003,0.000001,0.000004
66,0.000003,0.000001,0.000004
67,0.000003,0.000001,0.000005
68,0.000003,0.000001,0.000004
69,0.000003,0.000001,0.000004
70,0.000003,0.000001,0.000005
71,0.000003,0.000001,0.000005
72,0.000003,0.000001,0.000005
73,0.000004,0.000001,0.000005
74,0.000003,0.000001,0.000005
75,0.000003,0.000001,0.000006
76,0.000003,0.000002,0.000004
77,0.000003,0.000001,0.000005
78,0.000003,0.000001,0.000005
79,0.000003,0.000001,0.000004
80,0.000003,0.000001,0.000004
81,0.000003,0.000001,0.000005
82,0.000003,0.000001,0.000004
83,0.000003,0.000001,0.000005
84,0.000003,0.000001,0.000005
85,0.000003,0.000001,0.000004
86,0.000005,0.000001,0.000007
87,0.000004,0.000001,0.000006
88,0.000003,0.000001,0.000005
89,0.000003,0.000001,0.000005
90,0.000003,0.000001,0.000005
91,0.000003,0.000002,0.000004
92,0.000003,0.000001,0.000005
93,0.000003,0.000001,0.000005
94,0.000003,0.000001,0.000004
95,0.000003,0.000001,0.000005
96,0.000003,0.000001,0.000005
97,0.000003,0.000001,0.000004
98,0.000003,0.000001,0.000005
99,0.000003,0.000001,0.000005
100,0.000003,0.000001,0.000004
101,0.000003,0.000001,0.000004
102,0.000004,0.000001,0.000004
103,0.000003,0.000001,0.000005
104,0.000003,0.000001,0.000005
105,0.000002,0.000001,0.000005
106,0.000003,0.000001,0.000004
107,0.000003,0.000001,0.000004
108,0.000002,0.000001,0.000004
109,0.000003,0.000001,0.000004
110,0.000003,0.000001,0.000005
111,0.000003,0.000001,0.000005
112,0.000002,0.000002,0.000004
113,0.000003,0.000001,0.000004
114,0.000002,0.000001,0.000005
115,0.000003,0.000001,0.000004
116,0.000002,0.000001,0.000004
117,0.000002,0.000001,0.000004
118,0.000002,0.000001,0.000004
119,0.000002,0.000001,0.000005
120,0.000003,0.000001,0.000004
121,0.000003,0.000001,0.000005
122,0.000003,0.000001,0.000005
123,0.000003,0.000001,0.000006
124,0.000003,0.000001,0.000005
125,0.000003,0.000001,0.000004
126,0.000003,0.000001,0.000004
127,0.000003,0.000001,0.000005
128,0.000003,0.000001,0.000004
129,0.000003,0.000001,0.000004
130,0.000003,0.000001,0.000005
131,0.000002,0.000001,0.000004
132,0.000002,0.000001,0.000005
133,0.000002,0.000001,0.000004
134,0.000004,0.000001,0.000004
135,0.000003,0.000001,0.000004
136,0.000003,0.000001,0.000004
137,0.000003,0.000001,0.000004
138,0.000003,0.000001,0.000005
139,0.000003,0.000001,0.000006
140,0.000004,0.000001,0.000006
141,0.000003,0.000002,0.000006
142,0.000004,0.000001,0.000007
143,0.000003,0.000001,0.000005
144,0.000002,0.000001,0.000004
145,0.000003,0.000001,0.000005
146,0.000004,0.000001,0.000005
147,0.000003,0.000001,0.000004
148,0.000003,0.000001,0.000005
149,0.000003,0.000001,0.000005
150,0.000003,0.000001,0.000004
151,0.000003,0.000001,0.000004
152,0.000003,0.000001,0.000004
153,0.000003,0.000001,0.000004
154,0.000002,0.000002,0.000004
155,0.000003,0.000001,0.000005
156,0.000003,0.000001,0.000004
157,0.000003,0.000001,0.000005
158,0.000003,0.000001,0.000005
159,0.000003,0.000001,0.000004
160,0.000003,0.000001,0.000005
161,0.000003,0.000001,0.000005
162,0.000002,0.000002,0.000004
163,0.000003,0.000001,0.000004
164,0.000003,0.000001,0.000004
165,0.000002,0.000002,0.000005
166,0.000003,0.000001,0.000004
167,0.000004,0.000001,0.000005
168,0.000003,0.000002,0.000004
169,0.000003,0.000001,0.000004
170,0.000003,0.000001,0.000005
171,0.000003,0.000001,0.000005
172,0.000003,0.000001,0.000005
173,0.000003,0.000001,0.000004
174,0.000003,0.000001,0.000004
175,0.000003,0.000002,0.000004
176,0.000004,0.000001,0.000004
177,0.000003,0.000001,0.000005
178,0.000003,0.000002,0.000004
179,0.000003,0.000001,0.000005
180,0.000003,0.000001,0.000005
181,0.000002,0.000002,0.000005
182,0.000003,0.000002,0.000005
183,0.000003,0.000001,0.000004
184,0.000003,0.000001,0.000005
185,0.000002,0.000001,0.000004
186,0.000003,0.000002,0.000004
187,0.000003,0.000001,0.000004
188,0.000003,0.000001,0.000005
189,0.000004,0.000001,0.000005
190,0.000002,0.000002,0.000004
191,0.000003,0.000001,0.000003
192,0.000002,0.000001,0.000004
193,0.000002,0.000001,0.000003
194,0.000002,0.000001,0.000003
195,0.000003,0.000001,0.000003
196,0.000002,0.000001,0.000003
197,0.000002,0.000001,0.000003
198,0.000002,0.000001,0.000004
199,0.000002,0.000000,0.000004
200,0.000002,0.000001,0.000003
201,0.000003,0.000002,0.000003
202,0.000002,0.000001,0.000003
203,0.000002,0.000001,0.000004
204,0.000003,0.000001,0.000003
205,0.000002,0.000001,0.000003
206,0.000003,0.000001,0.000004
207,0.000003,0.000001,0.000003
208,0.000002,0.000001,0.000002
209,0.000002,0.000001,0.000003
210,0.000002,0.000001,0.000003
211,0.000002,0.000001,0.000003
212,0.000002,0.000001,0.000003
213,0.000002,0.000001,0.000003
214,0.000003,0.000001,0.000004
215,0.000002,0.000001,0.000003
216,0.000002,0.000001,0.000003
217,0.000002,0.000001,0.000003
218,0.000003,0.000001,0.000003
219,0.000002,0.000001,0.000003
220,0.000002,0.000001,0.000003
221,0.000002,0.000001,0.000003
222,0.000002,0.000001,0.000003
223,0.000002,0.000001,0.000003
224,0.000003,0.000001,0.000003
225,0.000002,0.000001,0.000003
226,0.000002,0.000001,0.000003
227,0.000002,0.000001,0.000003
228,0.000002,0.000001,0.000003
229,0.000002,0.000001,0.000004
230,0.000002,0.000001,0.000004
231,0.000003,0.000001,0.000004
232,0.000002,0.000001,0.000003
233,0.000002,0.000001,0.000004
234,0.000002,0.000001,0.000003
235,0.000002,0.000001,0.000003
236,0.000002,0.000001,0.000003
237,0.000002,0.000001,0.000003
238,0.000002,0.000001,0.000004
239,0.000002,0.000001,0.000004
240,0.000002,0.000001,0.000003
241,0.000002,0.000000,0.000003
242,0.000002,0.000001,0.000003
243,0.000002,0.000001,0.000003
244,0.000002,0.000001,0.000003
245,0.000003,0.000001,0.000004
246,0.000002,0.000000,0.000003
247,0.000002,0.000000,0.000003
248,0.000002,0.000001,0.000003
249,0.000002,0.000001,0.000003
250,0.000002,0.000001,0.000004
251,0.000002,0.000001,0.000004
252,0.000002,0.000000,0.000003
253,0.000003,0.000001,0.000004
254,0.000002,0.000001,0.000003
255,0.000002,0.000001,0.000004
256,0.000002,0.000001,0.000003
257,0.000002,0.000001,0.000003
258,0.000002,0.000001,0.000003
259,0.000002,0.000000,0.000003
260,0.000002,0.000001,0.000004
261,0.000002,0.000000,0.000003
262,0.000002,0.000001,0.000003
263,0.000002,0.000001,0.000003
264,0.000002,0.000000,0.000003
265,0.000002,0.000001,0.000003
266,0.000002,0.000000,0.000003
267,0.000002,0.000000,0.000003
268,0.000003,0.000001,0.000004
269,0.000002,0.000001,0.000003
270,0.000002,0.000001,0.000003
271,0.000002,0.000001,0.000003
272,0.000002,0.000001,0.000003
273,0.000002,0.000001,0.000003
274,0.000002,0.000001,0.000003
275,0.000002,0.000001,0.000004
276,0.000002,0.000000,0.000004
277,0.000002,0.000001,0.000003
278,0.000002,0.000001,0.000003
279,0.000002,0.000001,0.000003
280,0.000002,0.000000,0.000003
281,0.000002,0.000001,0.000003
282,0.000002,0.000001,0.000004
283,0.000002,0.000001,0.000003
284,0.000002,0.000001,0.000003
285,0.000002,0.000001,0.000003
286,0.000002,0.000001,0.000003
287,0.000002,0.000001,0.000003
288,0.000002,0.000001,0.000003
289,0.000002,0.000000,0.000004
290,0.000002,0.000000,0.000003
291,0.000003,0.000001,0.000004
292,0.000002,0.000001,0.000003
293,0.000002,0.000001,0.000003
294,0.000002,0.000001,0.000004
295,0.000002,0.000000,0.000003
296,0.000002,0.000001,0.000003
297,0.000002,0.000001,0.000004
298,0.000002,0.000001,0.000003
299,0.000002,0.000001,0.000003
300,0.000003,0.000001,0.000003
301,0.000003,0.000001,0.000003
302,0.000002,0.000001,0.000003
303,0.000002,0.000001,0.000003
304,0.000002,0.000000,0.000003
305,0.000002,0.000001,0.000003
306,0.000002,0.000001,0.000003
307,0.000002,0.000000,0.000004
308,0.000002,0.000001,0.000003
309,0.000002,0.000001,0.000003
310,0.000002,0.000001,0.000003
311,0.000001,0.000001,0.000003
312,0.000002,0.000001,0.000004
313,0.000002,0.000001,0.000003
314,0.000002,0.000001,0.000004
315,0.000002,0.000001,0.000003
316,0.000002,0.000001,0.000003
317,0.000002,0.000001,0.000003
318,0.000003,0.000001,0.000003
319,0.000002,0.000000,0.000004
320,0.000002,0.000000,0.000003
321,0.000002,0.000000,0.000003
322,0.000003,0.000000,0.000003
323,0.000003,0.000001,0.000004
324,0.000002,0.000002,0.000003
325,0.000002,0.000001,0.000003
326,0.000001,0.000001,0.000003
327,0.000002,0.000001,0.000003
328,0.000003,0.000001,0.000003
329,0.000002,0.000001,0.000003
330,0.000002,0.000001,0.000003
331,0.000002,0.000001,0.000003
332,0.000002,0.000001,0.000003
333,0.000002,0.000001,0.000003
334,0.000002,0.000001,0.000003
335,0.000002,0.000001,0.000003
336,0.000002,0.000001,0.000003
337,0.000002,0.000001,0.000004
338,0.000002,0.000001,0.000003
339,0.000002,0.000001,0.000003
340,0.000002,0.000001,0.000003
341,0.000003,0.000001,0.000003
342,0.000002,0.000001,0.000003
343,0.000002,0.000001,0.000023
344,0.000002,0.000001,0.000003
345,0.000002,0.000001,0.000003
346,0.000002,0.000000,0.000003
347,0.000002,0.000001,0.000003
348,0.000002,0.000001,0.000003
349,0.000002,0.000000,0.000003
350,0.000002,0.000001,0.000004
351,0.000002,0.000001,0.000003
352,0.000002,0.000001,0.000003
353,0.000002,0.000001,0.000003
354,0.000002,0.000001,0.000003
355,0.000002,0.000001,0.000003
356,0.000002,0.000001,0.000003
357,0.000002,0.000001,0.000003
358,0.000002,0.000001,0.000004
359,0.000002,0.000001,0.000003
360,0.000002,0.000001,0.000004
361,0.000002,0.000000,0.000004
362,0.000002,0.000000,0.000003
363,0.000002,0.000001,0.000004
364,0.000002,0.000001,0.000004
365,0.000002,0.000001,0.000003
366,0.000002,0.000001,0.000003
367,0.000002,0.000001,0.000003
368,0.000002,0.000001,0.000003
369,0.000002,0.000001,0.000003
370,0.000004,0.000001,0.000004
371,0.000003,0.000001,0.000004
372,0.000002,0.000001,0.000003
373,0.000002,0.000001,0.000003
374,0.000002,0.000000,0.000003
375,0.000002,0.000000,0.000004
376,0.000002,0.000001,0.000003
377,0.000002,0.000001,0.000004
378,0.000002,0.000001,0.000004
379,0.000002,0.000001,0.000003
380,0.000002,0.000001,0.000003
381,0.000002,0.000001,0.000004
382,0.000002,0.000001,0.000003
383,0.000003,0.000000,0.000004
384,0.000002,0.000001,0.000004
385,0.000002,0.000001,0.000003
386,0.000002,0.000001,0.000003
387,0.000002,0.000001,0.000003
388,0.000003,0.000001,0.000004
389,0.000002,0.000001,0.000004
390,0.000002,0.000001,0.000003
391,0.000002,0.000001,0.000003
392,0.000002,0.000001,0.000003
393,0.000002,0.000001,0.000003
394,0.000002,0.000001,0.000003
395,0.000003,0.000001,0.000003
396,0.000002,0.000001,0.000003
397,0.000002,0.000001,0.000003
398,0.000002,0.000001,0.000004
399,0.000002,0.000001,0.000003
400,0.000002,0.000001,0.000003
401,0.000002,0.000001,0.000003
402,0.000002,0.000001,0.000004
403,0.000002,0.000001,0.000003
404,0.000002,0.000001,0.000004
405,0.000002,0.000001,0.000004
406,0.000002,0.000001,0.000004
407,0.000002,0.000001,0.000003
408,0.000002,0.000001,0.000003
409,0.000002,0.000001,0.000003
410,0.000002,0.000001,0.000003
411,0.000002,0.000001,0.000003
412,0.000002,0.000001,0.000003
413,0.000002,0.000001,0.000003
414,0.000003,0.000001,0.000003
415,0.000003,0.000001,0.000004
416,0.000003,0.000001,0.000004
417,0.000002,0.000001,0.000002
418,0.000002,0.000001,0.000004
419,0.000002,0.000001,0.000003
420,0.000002,0.000001,0.000003
421,0.000002,0.000000,0.000004
422,0.000002,0.000001,0.000003
423,0.000002,0.000001,0.000003
424,0.000003,0.000002,0.000004
425,0.000002,0.000001,0.000003
426,0.000003,0.000001,0.000003
427,0.000002,0.000001,0.000004
428,0.000002,0.000000,0.000004
429,0.000003,0.000000,0.000004
430,0.000002,0.000000,0.000003
431,0.000002,0.000001,0.000004
432,0.000003,0.000001,0.000004
433,0.000002,0.000001,0.000003
434,0.000003,0.000001,0.000004
435,0.000003,0.000001,0.000003
436,0.000003,0.000001,0.000004
437,0.000003,0.000001,0.000004
438,0.000002,0.000001,0.000004
439,0.000002,0.000001,0.000003
440,0.000002,0.000001,0.000003
441,0.000002,0.000001,0.000004
442,0.000002,0.000001,0.000004
443,0.000003,0.000001,0.000004
444,0.000002,0.000001,0.000003
445,0.000002,0.000001,0.000003
446,0.000002,0.000001,0.000003
447,0.000003,0.000001,0.000003
448,0.000002,0.000001,0.000004
449,0.000003,0.000001,0.000004
450,0.000003,0.000000,0.000005
451,0.000003,0.000000,0.000004
452,0.000002,0.000001,0.000003
453,0.000002,0.000001,0.000004
454,0.000003,0.000002,0.000003
455,0.000003,0.000000,0.000003
456,0.000003,0.000001,0.000004
457,0.000003,0.000001,0.000003
458,0.000002,0.000001,0.000003
459,0.000003,0.000001,0.000004
460,0.000002,0.000001,0.000004
461,0.000003,0.000001,0.000004
462,0.000002,0.000001,0.000004
463,0.000002,0.000001,0.000003
464,0.000002,0.000001,0.000004
465,0.000002,0.000001,0.000003
466,0.000002,0.000001,0.000003
467,0.000003,0.000001,0.000004
468,0.000002,0.000001,0.000004
469,0.000002,0.000001,0.000003
470,0.000002,0.000001,0.000004
471,0.000002,0.000000,0.000004
472,0.000002,0.000001,0.000003
473,0.000002,0.000001,0.000003
474,0.000002,0.000002,0.000003
475,0.000002,0.000001,0.000004
476,0.000002,0.000001,0.000003
477,0.000002,0.000000,0.000004
478,0.000002,0.000001,0.000003
479,0.000002,0.000001,0.000003
480,0.000003,0.000001,0.000003
481,0.000003,0.000001,0.000003
482,0.000002,0.000000,0.000004
483,0.000002,0.000001,0.000003
484,0.000003,0.000001,0.000003
485,0.000002,0.000001,0.000003
486,0.000002,0.000001,0.000003
487,0.000003,0.000001,0.000004
488,0.000003,0.000001,0.000003
489,0.000002,0.000001,0.000003
490,0.000002,0.000001,0.000003
491,0.000002,0.000001,0.000003
492,0.000002,0.000001,0.000002
493,0.000002,0.000001,0.000003
494,0.000002,0.000000,0.000004
495,0.000002,0.000001,0.000003
496,0.000002,0.000001,0.000003
497,0.000002,0.000001,0.000005
498,0.000002,0.000001,0.000003
499,0.000003,0.000001,0.000004
500,0.000002,0.000001,0.000003
501,0.000002,0.000001,0.000004
502,0.000002,0.000001,0.000003
503,0.000003,0.000001,0.000004
504,0.000002,0.000001,0.000003
505,0.000002,0.000001,0.000003
506,0.000002,0.000001,0.000003
507,0.000002,0.000000,0.000003
508,0.000002,0.000002,0.000004
509,0.000002,0.000001,0.000003
510,0.000002,0.000001,0.000003
511,0.000002,0.000001,0.000003
512,0.000002,0.000000,0.000003
513,0.000002,0.000001,0.000003
514,0.000002,0.000001,0.000003
515,0.000003,0.000001,0.000002
516,0.000002,0.000001,0.000003
517,0.000002,0.000001,0.000003
518,0.000002,0.000002,0.000004
519,0.000002,0.000001,0.000003
520,0.000002,0.000001,0.000003
521,0.000002,0.000001,0.000003
522,0.000002,0.000001,0.000003
523,0.000003,0.000000,0.000004
524,0.000003,0.000001,0.000003
525,0.000002,0.000001,0.000003
526,0.000002,0.000001,0.000003
527,0.000002,0.000001,0.000003
528,0.000003,0.000001,0.000003
529,0.000002,0.000000,0.000005
530,0.000002,0.000001,0.000003
531,0.000002,0.000001,0.000003
532,0.000004,0.000001,0.000005
533,0.000002,0.000001,0.000003
534,0.000003,0.000001,0.000003
535,0.000003,0.000001,0.000004
536,0.000003,0.000000,0.000003
537,0.000002,0.000001,0.000003
538,0.000002,0.000000,0.000004
539,0.000001,0.000001,0.000003
540,0.000002,0.000001,0.000002
541,0.000002,0.000001,0.000004
542,0.000003,0.000000,0.000003
543,0.000002,0.000000,0.000004
544,0.000002,0.000001,0.000003
545,0.000002,0.000001,0.000003
546,0.000003,0.000001,0.000003
547,0.000001,0.000001,0.000003
548,0.000002,0.000001,0.000003
549,0.000002,0.000001,0.000003
550,0.000002,0.000001,0.000003
551,0.000020,0.000001,0.000003
552,0.000002,0.000000,0.000003
553,0.000002,0.000001,0.000003
554,0.000002,0.000000,0.000003
555,0.000002,0.000001,0.000002
556,0.000002,0.000001,0.000003
557,0.000002,0.000001,0.000002
558,0.000002,0.000001,0.000003
559,0.000002,0.000000,0.000003
560,0.000001,0.000001,0.000002
561,0.000002,0.000001,0.000002
562,0.000002,0.000000,0.000003
563,0.000001,0.000001,0.000003
564,0.000002,0.000001,0.000003
565,0.000001,0.000001,0.000003
566,0.000001,0.000001,0.000003
567,0.000001,0.000000,0.000003
568,0.000002,0.000000,0.000003
569,0.000001,0.000001,0.000003
570,0.000001,0.000000,0.000002
571,0.000001,0.000000,0.000002
572,0.000002,0.000001,0.000002
573,0.000001,0.000000,0.000002
574,0.000002,0.000001,0.000003
575,0.000003,0.000001,0.000002
576,0.000001,0.000001,0.000003
577,0.000002,0.000000,0.000003
578,0.000002,0.000001,0.000003
579,0.000002,0.000001,0.000002
580,0.000001,0.000001,0.000003
581,0.000002,0.000001,0.000003
582,0.000002,0.000000,0.000002
583,0.000001,0.000000,0.000002
584,0.000001,0.000001,0.000003
585,0.000002,0.000001,0.000002
586,0.000002,0.000001,0.000003
587,0.000002,0.000000,0.000003
588,0.000002,0.000001,0.000003
589,0.000002,0.000001,0.000002
590,0.000001,0.000001,0.000003
591,0.000002,0.000001,0.000003
592,0.000002,0.000001,0.000003
593,0.000002,0.000001,0.000002
594,0.000003,0.000001,0.000002
595,0.000001,0.000000,0.000002
596,0.000002,0.000001,0.000003
597,0.000002,0.000001,0.000002
598,0.000001,0.000001,0.000003
599,0.000001,0.000001,0.000002
600,0.000002,0.000001,0.000003
601,0.000001,0.000001,0.000002
602,0.000002,0.000001,0.000002
603,0.000002,0.000001,0.000003
604,0.000002,0.000001,0.000003
605,0.000002,0.000001,0.000003
606,0.000002,0.000001,0.000002
607,0.000001,0.000001,0.000003
608,0.000002,0.000001,0.000002
609,0.000002,0.000001,0.000002
610,0.000002,0.000001,0.000003
611,0.000002,0.000001,0.000002
612,0.000001,0.000001,0.000003
613,0.000001,0.000001,0.000003
614,0.000002,0.000001,0.000002
615,0.000001,0.000001,0.000003
616,0.000002,0.000000,0.000003
617,0.000002,0.000000,0.000003
618,0.000002,0.000000,0.000003
619,0.000001,0.000000,0.000003
620,0.000002,0.000001,0.000003
621,0.000002,0.000000,0.000003
622,0.000002,0.000001,0.000003
623,0.000002,0.000001,0.000002
624,0.000001,0.000001,0.000003
625,0.000002,0.000000,0.000002
626,0.000001,0.000000,0.000003
627,0.000001,0.000001,0.000002
628,0.000002,0.000001,0.000003
629,0.000002,0.000001,0.000002
630,0.000002,0.000000,0.000002
631,0.000002,0.000001,0.000002
632,0.000002,0.000001,0.000003
633,0.000001,0.000001,0.000002
634,0.000002,0.000001,0.000002
635,0.000002,0.000001,0.000003
636,0.000002,0.000001,0.000002
637,0.000002,0.000001,0.000002
638,0.000002,0.000001,0.000003
639,0.000002,0.000001,0.000002
640,0.000002,0.000001,0.000003
641,0.000002,0.000000,0.000003
642,0.000002,0.000000,0.000002
643,0.000001,0.000001,0.000002
644,0.000003,0.000001,0.000003
645,0.000002,0.000001,0.000003
646,0.000002,0.000001,0.000002
647,0.000002,0.000001,0.000002
648,0.000002,0.000001,0.000003
649,0.000002,0.000000,0.000003
650,0.000001,0.000001,0.000003
651,0.000002,0.000001,0.000003
652,0.000002,0.000001,0.000002
653,0.000002,0.000001,0.000002
654,0.000002,0.000000,0.000002
655,0.000001,0.000001,0.000002
656,0.000002,0.000001,0.000002
657,0.000001,0.000001,0.000003
658,0.000001,0.000001,0.000003
659,0.000001,0.000000,0.000002
660,0.000001,0.000001,0.000003
661,0.000002,0.000001,0.000002
662,0.000002,0.000000,0.000002
663,0.000002,0.000000,0.000002
664,0.000001,0.000001,0.000003
665,0.000001,0.000001,0.000002
666,0.000002,0.000001,0.000002
667,0.000002,0.000001,0.000002
668,0.000001,0.000000,0.000003
669,0.000001,0.000001,0.000002
670,0.000001,0.000001,0.000003
671,0.000001,0.000000,0.000002
672,0.000002,0.000001,0.000002
673,0.000001,0.000001,0.000002
674,0.000002,0.000001,0.000002
675,0.000002,0.000001,0.000003
676,0.000002,0.000000,0.000002
677,0.000001,0.000000,0.000003
678,0.000001,0.000001,0.000003
679,0.000001,0.000001,0.000003
680,0.000001,0.000001,0.000002
681,0.000002,0.000001,0.000002
682,0.000001,0.000001,0.000002
683,0.000002,0.000001,0.000003
684,0.000001,0.000001,0.000003
685,0.000002,0.000001,0.000002
686,0.000001,0.000001,0.000002
687,0.000001,0.000001,0.000003
688,0.000002,0.000001,0.000002
689,0.000002,0.000000,0.000002
690,0.000001,0.000001,0.000003
691,0.000002,0.000001,0.000002
692,0.000001,0.000001,0.000002
693,0.000001,0.000000,0.000002
694,0.000002,0.000001,0.000002
695,0.000002,0.000001,0.000002
696,0.000001,0.000001,0.000003
697,0.000001,0.000001,0.000003
698,0.000001,0.000001,0.000003
699,0.000001,0.000001,0.000002
700,0.000002,0.000001,0.000002
701,0.000001,0.000000,0.000002
702,0.000002,0.000001,0.000002
703,0.000002,0.000001,0.000002
704,0.000002,0.000001,0.000002
705,0.000001,0.000000,0.000002
706,0.000001,0.000001,0.000003
707,0.000001,0.000001,0.000003
708,0.000001,0.000000,0.000002
709,0.000002,0.000001,0.000002
710,0.000001,0.000001,0.000003
711,0.000001,0.000001,0.000002
712,0.000002,0.000000,0.000002
713,0.000002,0.000001,0.000002
714,0.000001,0.000001,0.000002
715,0.000002,0.000001,0.000002
716,0.000001,0.000001,0.000003
717,0.000002,0.000001,0.000002
718,0.000001,0.000001,0.000002
719,0.000001,0.000001,0.000003
720,0.000001,0.000001,0.000002
721,0.000002,0.000001,0.000002
722,0.000001,0.000001,0.000003
723,0.000001,0.000000,0.000002
724,0.000002,0.000001,0.000002
725,0.000002,0.000001,0.000002
726,0.000001,0.000001,0.000002
727,0.000002,0.000001,0.000003
728,0.000001,0.000001,0.000002
729,0.000001,0.000001,0.000003
730,0.000002,0.000001,0.000002
731,0.000001,0.000001,0.000003
732,0.000001,0.000000,0.000002
733,0.000001,0.000001,0.000003
734,0.000001,0.000000,0.000002
735,0.000001,0.000000,0.000002
736,0.000002,0.000001,0.000002
737,0.000001,0.000001,0.000003
738,0.000001,0.000001,0.000002
739,0.000002,0.000001,0.000002
740,0.000002,0.000001,0.000002
741,0.000001,0.000001,0.000002
742,0.000002,0.000001,0.000002
743,0.000001,0.000000,0.000002
744,0.000002,0.000001,0.000002
745,0.000002,0.000001,0.000003
746,0.000001,0.000001,0.000002
747,0.000002,0.000001,0.000002
748,0.000001,0.000001,0.000003
749,0.000001,0.000000,0.000002
750,0.000002,0.000001,0.000002
751,0.000001,0.000001,0.000002
752,0.000002,0.000001,0.000002
753,0.000001,0.000000,0.000002
754,0.000002,0.000001,0.000002
755,0.000001,0.000000,0.000002
756,0.000002,0.000001,0.000002
757,0.000001,0.000001,0.000003
758,0.000001,0.000000,0.000003
759,0.000001,0.000000,0.000002
760,0.000002,0.000001,0.000002
761,0.000001,0.000000,0.000002
762,0.000001,0.000000,0.000002
763,0.000001,0.000001,0.000002
764,0.000001,0.000000,0.000002
765,0.000002,0.000001,0.000002
766,0.000001,0.000001,0.000002
767,0.000001,0.000001,0.000002
768,0.000001,0.000001,0.000002
769,0.000001,0.000000,0.000002
770,0.000001,0.000001,0.000002
771,0.000001,0.000000,0.000002
772,0.000002,0.000001,0.000002
773,0.000001,0.000001,0.000002
774,0.000001,0.000001,0.000002
775,0.000001,0.000000,0.000002
776,0.000002,0.000001,0.000002
777,0.000001,0.000000,0.000002
778,0.000002,0.000001,0.000002
779,0.000001,0.000001,0.000002
780,0.000002,0.000001,0.000002
781,0.000001,0.000001,0.000002
782,0.000001,0.000001,0.000002
783,0.000001,0.000001,0.000002
784,0.000002,0.000001,0.000002
785,0.000001,0.000000,0.000002
786,0.000002,0.000001,0.000002
787,0.000001,0.000000,0.000002
788,0.000001,0.000001,0.000002
789,0.000001,0.000001,0.000002
790,0.000001,0.000000,0.000002
791,0.000001,0.000001,0.000002
792,0.000001,0.000000,0.000002
793,0.000001,0.000001,0.000002
794,0.000001,0.000001,0.000002
795,0.000002,0.000001,0.000002
796,0.000001,0.000000,0.000002
797,0.000002,0.000000,0.000002
798,0.000001,0.000000,0.000002
799,0.000002,0.000001,0.000002
800,0.000001,0.000000,0.000002
801,0.000001,0.000001,0.000003
802,0.000001,0.000000,0.000002
803,0.000001,0.000001,0.000002
804,0.000001,0.000000,0.000002
805,0.000001,0.000000,0.000002
806,0.000001,0.000001,0.000001
807,0.000001,0.000001,0.000002
808,0.000001,0.000001,0.000002
809,0.000001,0.000001,0.000002
810,0.000002,0.000001,0.000002
811,0.000002,0.000001,0.000002
812,0.000001,0.000000,0.000002
813,0.000001,0.000001,0.000002
814,0.000001,0.000000,0.000002
815,0.000001,0.000000,0.000002
816,0.000001,0.000001,0.000002
817,0.000002,0.000001,0.000001
818,0.000001,0.000001,0.000002
819,0.000001,0.000000,0.000002
820,0.000001,0.000000,0.000002
821,0.000001,0.000001,0.000002
822,0.000002,0.000001,0.000003
823,0.000001,0.000000,0.000002
824,0.000001,0.000000,0.000002
825,0.000002,0.000001,0.000002
826,0.000002,0.000001,0.000002
827,0.000001,0.000000,0.000002
828,0.000001,0.000001,0.000002
829,0.000002,0.000001,0.000003
830,0.000001,0.000000,0.000002
831,0.000001,0.000000,0.000002
832,0.000001,0.000001,0.000002
833,0.000002,0.000001,0.000001
834,0.000001,0.000001,0.000001
835,0.000001,0.000001,0.000001
836,0.000002,0.000001,0.000001
837,0.000001,0.000001,0.000002
838,0.000001,0.000001,0.000002
839,0.000001,0.000001,0.000001
840,0.000001,0.000001,0.000001
841,0.000001,0.000001,0.000001
842,0.000001,0.000001,0.000001
843,0.000001,0.000001,0.000002
844,0.000001,0.000001,0.000002
845,0.000002,0.000001,0.000001
846,0.000002,0.000001,0.000002
847,0.000001,0.000001,0.000002
848,0.000001,0.000000,0.000001
849,0.000001,0.000001,0.000002
850,0.000001,0.000001,0.000001
851,0.000002,0.000001,0.000001
852,0.000002,0.000001,0.000001
853,0.000001,0.000001,0.000002
854,0.000001,0.000001,0.000002
855,0.000001,0.000001,0.000002
856,0.000001,0.000001,0.000002
857,0.000001,0.000000,0.000002
858,0.000001,0.000000,0.000002
859,0.000001,0.000001,0.000002
860,0.000001,0.000001,0.000001
861,0.000002,0.000001,0.000001
862,0.000001,0.000001,0.000002
863,0.000001,0.000000,0.000002
864,0.000001,0.000000,0.000001
865,0.000001,0.000001,0.000002
866,0.000001,0.000001,0.000002
867,0.000001,0.000001,0.000001
868,0.000001,0.000000,0.000002
869,0.000001,0.000000,0.000001
870,0.000001,0.000001,0.000002
871,0.000001,0.000000,0.000001
872,0.000001,0.000001,0.000001
873,0.000001,0.000001,0.000002
874,0.000001,0.000000,0.000001
875,0.000001,0.000001,0.000002
876,0.000001,0.000001,0.000001
877,0.000001,0.000001,0.000001
878,0.000001,0.000001,0.000001
879,0.000001,0.000000,0.000001
880,0.000001,0.000001,0.000000
